bootstrap_rep,aitchison_median,aitchison_p95,U75_median_pp,U95_median_pp
1,3.6351392459497394,5.9857436222187275,1.1564757716062246,1.841370100005678
2,3.683225652979759,5.939769318463857,1.1598615464807813,1.862027487489675
3,3.64559777042119,5.952694862498062,1.1653636565583614,1.8784476471531146
4,3.7108964987089643,5.952848137412824,1.1680916392537968,1.8654515101268545
5,3.67560003803555,5.943360363834399,1.1639156930825143,1.8610195704832948
6,3.6830158731453184,5.955402358077214,1.1718188385359207,1.869641186584758
7,3.7069640174791547,5.968497445963797,1.1794453731376404,1.8751629392228848
8,3.632453178557819,5.964512686182314,1.1621052953224515,1.8658044355805374
9,3.6296681837894496,5.964626198057736,1.168242096295956,1.836844623307984
10,3.6951524271345613,5.962842987967171,1.1691781008864364,1.856315053568589
11,3.676764946248279,5.96199642439658,1.1617130969706824,1.835609940149828
12,3.671396898694332,5.943778574668017,1.1700248462079608,1.8615462302765082
13,3.6656785579440636,5.994378379673265,1.1574240414802859,1.863861553544659
14,3.688980258899043,5.939315968413432,1.1648495908836667,1.8631868833341994
15,3.662337979175069,5.963473452276244,1.169853867353313,1.8616847900744498
16,3.633104968390481,5.938215216649401,1.1638882950937182,1.8475860013957304
17,3.573172021754664,5.897395774383963,1.1646644796521257,1.8701678787196807
18,3.6390377274935672,5.982230098251815,1.1622105208065783,1.8712880261317526
19,3.6804109535368608,5.936258804958871,1.16165925439936,1.8625031695249374
20,3.649512772389026,5.921523820559601,1.1771680987147999,1.8560618052080513
21,3.6810440274918865,5.954377611958565,1.1687788362844462,1.8644683512203466
22,3.688965338629376,5.970945684958236,1.1686406072329625,1.846079356895197
23,3.6506180427002,5.958483958958917,1.1607583761172893,1.8521889343599434
24,3.6836998729125052,5.99656462751138,1.1724019013375853,1.836398173971669
25,3.6248042357084924,5.999415527626872,1.162932746414938,1.8422150067510175
26,3.633304853943955,5.923156765176426,1.1645256598396165,1.8409983245977126
27,3.683302621857241,5.934479256210915,1.166530101604238,1.8439174012713955
28,3.632819592964001,5.9371666726977015,1.1650537930667377,1.8491807822671165
29,3.670187037207569,5.924217688318337,1.162852457193047,1.866337625098216
30,3.6654656336962934,5.945064908245428,1.1615803529485444,1.857099840349453
31,3.664390061896002,5.968551736170085,1.1684166764383872,1.8641088429376254
32,3.6159226310409323,5.919633786361106,1.1688137958728049,1.8609019158057039
33,3.6344096259654237,5.959965550389469,1.1673510204343658,1.8457766648030431
34,3.6434171975919667,5.95202162142961,1.1486636605221379,1.8404817501513069
35,3.6423973425496228,5.9579609508380145,1.1544680620169434,1.8606477292200712
36,3.6416656896644866,5.965005332874292,1.1674924147649144,1.8435998658342523
37,3.6724954574562467,5.978077113745992,1.172313363036362,1.8565672356720304
38,3.6511539698976416,5.953827601651493,1.1687913463505706,1.8568895099795864
39,3.6595169798123393,5.923797331923557,1.1632346252756918,1.8530402255648344
40,3.6178883059335796,5.985927483932194,1.1666593566872054,1.8554845370521615
41,3.700062743988033,5.965162794606777,1.162328117841821,1.8531241548221038
42,3.6383324182857977,5.937187619517507,1.1618200130786906,1.8456507446817656
43,3.61773607548559,5.916466606046822,1.1606418628081725,1.8606250847509147
44,3.6756595627171604,5.955512232523435,1.1646385944792752,1.8485527822626984
45,3.635745033910156,5.909262080802461,1.161527337723091,1.8767660402053983
46,3.633947145739349,5.931756669113625,1.1631343989359726,1.842891562137428
47,3.651164358718497,5.951678371975829,1.1582854634476345,1.8401933463243507
48,3.6518188248952796,5.97686465227457,1.162019997442422,1.8688528500560988
49,3.664313793548871,5.963751795126347,1.16575012706485,1.8437100849181776
50,3.6841068404947603,5.997345788603431,1.1679110040181613,1.8783391360263533
51,3.6367787955641373,5.956629194499067,1.1748921889898007,1.8749803790553754
52,3.656783313977158,5.9756813283908805,1.1583595911442424,1.8461190638948495
53,3.6329643928195243,5.923808072229674,1.1702045090760604,1.8445383025772242
54,3.672191307993258,5.949288799770094,1.1669432249490659,1.8590846559515106
55,3.670077755828988,6.008588797325873,1.171154637065305,1.8344458594305866
56,3.684721565952393,5.957437479713094,1.1621367376942746,1.8639043157335253
57,3.6344719279581406,5.9028027928529685,1.166457702466146,1.8729554214281237
58,3.6632083116518097,5.976688630832205,1.1712680072034893,1.8440455015244916
59,3.691812908919487,5.976813974165873,1.1683884061730796,1.858450793001963
60,3.6088188789825795,5.971151840800932,1.1768924226021447,1.843854060466152
61,3.6213312255503656,5.948221161383354,1.1683307105401626,1.8623649424511717
62,3.6643022222898614,5.974447984008987,1.1597471120448364,1.8651453400426041
63,3.6437318135518315,5.936181467336946,1.1653172778271348,1.8525441051657188
64,3.673125775951055,5.98750433787228,1.1672326101975394,1.856381247819325
65,3.6408656316457058,5.937643243710605,1.1682773079530895,1.8530266820308205
66,3.6990392810673454,6.004323392134419,1.1620300163389277,1.8571531238566568
67,3.634945744052393,5.9672813322924885,1.1597736956224522,1.8365644184238463
68,3.641779888550359,5.922232424832082,1.166346656656196,1.8692107236677273
69,3.6472045141841334,5.951770067982819,1.1599175159397397,1.862189138950255
70,3.6576236035670475,5.983946732761176,1.169248785747681,1.8563030392710143
71,3.6308785792014118,5.929056564982541,1.163457080726146,1.8480033130748756
72,3.613682635026683,5.941752560825962,1.1655109819683422,1.8629901865517944
73,3.686155895861556,5.9717806637186,1.16573629879081,1.8454801306621258
74,3.6782640980334866,5.9956476854295735,1.1603331854558427,1.836209777950288
75,3.6285972032317093,5.984856006134078,1.1774238932465537,1.8744534725181405
76,3.614822354817874,5.949629883177703,1.1592900603650935,1.8554400846740946
77,3.639636061316508,5.969649195696685,1.1772633144901485,1.8514123869854258
78,3.6335908622854793,5.944391364920763,1.1633987093633662,1.8488942207457084
79,3.6525014559260414,5.9336147342594225,1.1646279178306065,1.8463799831534966
80,3.65357134821598,5.964578796107263,1.1661564575979382,1.8580141017764693
81,3.69558677646419,5.982737283226784,1.1654353620176927,1.865615389301095
82,3.614667056359758,5.957499908471425,1.1585123146923726,1.8581000631008089
83,3.6990919063651524,5.9977234653752305,1.1652358973249082,1.863431648239484
84,3.63133401466351,5.965346518267702,1.1706612567866155,1.8690255307278123
85,3.652610389805636,5.970118813349777,1.1567571377105157,1.847809927048652
86,3.6856812477130507,5.947133986007846,1.1641684035854747,1.841951697595165
87,3.6273560589203693,5.987306713470817,1.165167990315748,1.8468142816765378
88,3.6399892942220538,5.933762225230946,1.159029476075917,1.8523230534621566
89,3.654500367543061,5.969486766496575,1.1677431357840624,1.8398274717208243
90,3.6847784196516806,5.969119758146751,1.1704419725325756,1.853595408021349
91,3.5755134357898104,5.922466810556005,1.1574105517455322,1.8745059292623658
92,3.6649721180540458,5.99582248563853,1.172150942705533,1.8573472662365271
93,3.7053067477450687,6.003860239673174,1.1624174284207505,1.879811155670899
94,3.625169113713787,5.944852951840117,1.159375850792197,1.8606491466279942
95,3.6304333720757493,5.954679802989929,1.1604101860390017,1.877367435543031
96,3.648840367181459,6.007120979013955,1.1626533049771237,1.8622976465934422
97,3.6217113381229518,5.942169609540548,1.174038310021157,1.8542838321750987
98,3.608465020011745,5.928321358260462,1.1705151075084999,1.847004901888573
99,3.583192000492254,5.920205335182092,1.1650253173656437,1.829332164333806
100,3.6699084663426005,5.988887944523492,1.1595670492525998,1.8443195580444938
101,3.6885761514251483,5.9375963390754825,1.1747277568102203,1.857295936082465
102,3.669289636876536,5.9917422959513456,1.173061991516791,1.857632071096834
103,3.647886213353235,5.9662498983308225,1.1633896086934654,1.8310387985396457
104,3.5916354372530304,5.898943885943685,1.1735766107135097,1.8633528865721405
105,3.646971711632552,5.968805405228916,1.1641787942667305,1.8629255361914034
106,3.6609684843511054,5.992633917886747,1.1652239618478646,1.88478601963467
107,3.6528911661182297,5.973810758485336,1.1656010433937483,1.870679396577488
108,3.6648477216521878,5.942129103913332,1.1596201971707654,1.8530862738623517
109,3.6166618616018136,5.915219308229643,1.1637603244797547,1.8546295132738564
110,3.654990112921293,5.975671942067916,1.1680773881267672,1.8482433740397397
111,3.586203392449921,5.921159257263314,1.1592199604228475,1.878510496254808
112,3.6338806560331967,5.929219307500127,1.1632205350756557,1.8629526794355389
113,3.6356989443347705,5.944587834700021,1.1605526178349295,1.849179880531766
114,3.6844095199854783,5.938738689497677,1.1513035996754515,1.8513834865827465
115,3.6742741533640166,5.954756111117145,1.1616808341748546,1.861466509635393
116,3.6315078945427963,5.928490414643958,1.1688465392774225,1.8330559249746974
117,3.6597683542185515,5.949019156019713,1.1676512383475717,1.8616300616355863
118,3.6827212035631085,5.965932862991529,1.1682123426738515,1.8371750186794136
119,3.652777961164533,5.960590201969179,1.1699849170839618,1.852783033942385
120,3.6856302751885326,5.998537442647935,1.1636850876905744,1.8522795157237621
121,3.6831448191604412,5.980679505269448,1.1688549393397354,1.8671859659466086
122,3.6376240255788037,5.963019053759483,1.1643233746856931,1.8575871001876976
123,3.640125864612323,5.9346806225804265,1.1676880866511092,1.8432905446783747
124,3.6706259332177877,5.932908704047992,1.1671259764317248,1.8567864659002884
125,3.7024567262210284,5.9199465193176,1.1557921638305357,1.855114901750213
126,3.6198357843751325,5.950424129590352,1.171338775842457,1.8732227878405832
127,3.630075605974524,5.954562592363012,1.1689568686517553,1.8637207708184145
128,3.6800534936292686,5.9772527125942805,1.1675751731297535,1.848459474574574
129,3.7012499092371476,5.9709238072008,1.1655614287059715,1.8936362212994005
130,3.6200506775223027,5.937371046376481,1.164174058312879,1.8809540175545858
131,3.6959070563734753,5.951169631727049,1.1693826850432483,1.8604509796381992
132,3.7116959537218412,6.002644218343674,1.156760805954868,1.8555147776168357
133,3.6732732941683146,5.960211564540753,1.1720369827726331,1.8626305103807905
134,3.706973245635592,5.955601889351002,1.1638961368728302,1.8488127239893526
135,3.6755275427510274,5.987345959667688,1.1750014682536685,1.8422423903760543
136,3.6639101514095085,5.946023526498469,1.1624621420668686,1.8578961054410235
137,3.6667724920810323,5.971093328929973,1.1758831384308364,1.880654394534854
138,3.6476992660248357,5.995622391803029,1.1659905200114467,1.8679703168748123
139,3.682125685084017,5.9623987954721915,1.1644849910668997,1.8724465612638426
140,3.709157496736729,5.9808684993478005,1.1627193714615425,1.8630563578647625
141,3.6027039883832668,5.946799750419074,1.1660780132444517,1.8493559660327443
142,3.668883853559897,5.955234132721555,1.1620171537046151,1.84910347301486
143,3.6557371197090753,5.9580050687062736,1.1668195029699076,1.861161109219658
144,3.684603786907221,5.9774512098491215,1.1702155195640378,1.8758188510125482
145,3.6355341369137935,5.975096584854926,1.1697323449638526,1.8369014894062468
146,3.700339520788877,5.987702350806554,1.1634525115884014,1.8421919530889188
147,3.6516403133921957,5.96088753977782,1.1741974297718543,1.8545049013954817
148,3.6706791575932662,5.935795634292331,1.176603431690935,1.8570619938921507
149,3.6906790891887313,5.94728596566785,1.1698452675980757,1.8609559203025747
150,3.6449086570627336,5.973979520438244,1.166772837013467,1.86265322121258
151,3.6323138933428236,5.951503075821159,1.1668281015902666,1.86810871644778
152,3.660796225658948,5.936355577906589,1.1616083185980837,1.8470384405868394
153,3.656698808266184,5.97212569554989,1.1729644608350354,1.8797726404331354
154,3.679390771639825,6.011484214359477,1.1671356737999377,1.8589138245049235
155,3.6640178248741058,5.997057337962464,1.1625514719386036,1.837696697933866
156,3.6329121897783634,5.939795233396952,1.1655124551995297,1.842416512992492
157,3.62608360110678,5.929983737154346,1.1689821160146296,1.8695765175483903
158,3.624299683672257,5.926224658451929,1.1661625370130582,1.8632138308987518
159,3.6708179615049734,5.976344640295264,1.1703950904596405,1.8593009017869304
160,3.652992224275742,5.928963600306816,1.1633928236273743,1.8423802524246522
161,3.6179655335106187,5.915771268617735,1.1702042172765532,1.8557404762150593
162,3.578491331924149,5.944740423900486,1.1659407959000498,1.8736836849647869
163,3.6357435560319047,5.920354368969404,1.168068233127053,1.8417101073873812
164,3.646591636675529,5.930134826073073,1.157594734698565,1.8459965492949324
165,3.6234674274459677,5.953567974419314,1.1599021677063162,1.8651039180328883
166,3.6338749435662745,5.9315414904772625,1.1626175586723018,1.8478351296255124
167,3.6311841718270728,5.959235870819322,1.1731214929838862,1.8508217872472963
168,3.621286573429306,5.8894416250743395,1.1612532606342552,1.8483332852576795
169,3.6672584003108364,5.94936343199048,1.162843155635557,1.8598997039814082
170,3.6526507060782105,5.948034247564269,1.1726485762801397,1.8746152829106095
171,3.6464597651806234,5.98028867235138,1.160312967285827,1.8542370061650144
172,3.659471228472586,5.914660497591924,1.1693942586941963,1.8634335062316754
173,3.6934147270021964,5.982828439495677,1.1667863676772083,1.8613146594874437
174,3.6381948504293358,5.947548441247843,1.1690614951831086,1.8469329474457234
175,3.665391995955483,6.006171227629233,1.158273175909897,1.8458197503358207
176,3.6115000859585558,5.923119284631119,1.1680014902714615,1.8557871984764236
177,3.6775005693425213,5.956535785887624,1.1686065513415405,1.858693325950171
178,3.6606604877773408,5.94448012993252,1.164964122699084,1.8410375872293487
179,3.6767363970621507,5.932285156865219,1.165299110372597,1.8250708864221097
180,3.647949980172523,5.939535996991256,1.1654507733456247,1.8266576541949058
181,3.6439520531399814,5.9671980013509405,1.1647061323799557,1.8298736385232337
182,3.651457467013147,5.950123272762395,1.171652205163799,1.8519322639013573
183,3.6884170809577497,6.004603373204765,1.1756236324703684,1.848780348287628
184,3.7206066036620262,5.946228473196638,1.1777545577419861,1.8381106538584975
185,3.6372431303597392,5.943159538284101,1.1719659112746508,1.8376373724077664
186,3.6472933109274335,5.968170562525687,1.1608813754257272,1.868345127637769
187,3.6283557422672166,5.945673905011407,1.1778270071898813,1.873514298509789
188,3.6223270805030854,5.952555811665799,1.1630682521262556,1.8655844301941515
189,3.652264977134414,5.9738981569657925,1.163999282869799,1.8710969746755897
190,3.6388371936990977,5.99553758754702,1.1690895211949894,1.8488351447076832
191,3.662434443022043,5.97728537676137,1.1751948817146785,1.8661595084270521
192,3.5766418867323186,5.921139559610689,1.1639074937679301,1.8415144597880868
193,3.627727721111116,5.887240857716194,1.1634380958590278,1.8570569056394493
194,3.655144792708278,5.899807342211828,1.1686146102913386,1.8663735348800046
195,3.631212300093186,5.949243061485977,1.1692953354854505,1.8691392558551618
196,3.6281320585646406,5.939162284657969,1.1691588509015816,1.8579324454058033
197,3.684412817116731,6.026695010952992,1.1667703332521033,1.8563051755143751
198,3.6400622638356905,5.939628049410405,1.167889012763958,1.8718781607079005
199,3.6559780955838836,5.942587915822918,1.1669235940136782,1.8556107682138872
200,3.6606794370030933,5.986798840885178,1.165194893436691,1.8664451972864404
201,3.6546993114820707,5.930197438543262,1.1683558900792503,1.8655320409179792
202,3.6577876609696665,5.928064362520549,1.1605803949159734,1.8593661599040345
203,3.6668476325335515,5.9928222899441135,1.1716002240151053,1.836804367123749
204,3.6261483168947017,5.947692150957141,1.1747428083198967,1.8402193186849236
205,3.6711529708631643,5.931481082333331,1.1702200505684721,1.8511828267146297
206,3.64819449457592,5.951600336564626,1.1579456939169503,1.8379544337467397
207,3.6922764223763935,5.950008097100955,1.1574266003572968,1.8487396880953773
208,3.6285187097981972,5.894401536873719,1.1658770647658288,1.8704534102930013
209,3.637706671614103,5.942951433000658,1.161717129051327,1.8542665883669793
210,3.6447956308370633,5.939196797034397,1.1594624057217207,1.8434899474346893
211,3.6289008349934417,5.94556931525433,1.1572122277750678,1.8576964239119653
212,3.678758870307952,5.97736358494779,1.1700241721100118,1.8696987164684793
213,3.6788013974303095,5.971491722974762,1.1671639446026494,1.8602003154296862
214,3.6632937413941074,5.9768376983701925,1.1632432802777943,1.8500843851774142
215,3.600363643167787,5.989870577669713,1.1733926434723705,1.8620975198691951
216,3.6817586391579,5.969241763913647,1.157702236536592,1.8524583290844578
217,3.625024123100617,5.918653185235733,1.1457664140583346,1.8540594459627586
218,3.6436589236094794,5.95860336408565,1.1677343708027719,1.8554032286959143
219,3.5928721821460674,5.979911252997304,1.1712035292852416,1.8395612528694425
220,3.6816792612475235,5.974602194473974,1.1676112362072004,1.8536731111610794
221,3.6783195238828843,5.954046256387842,1.171915777392156,1.8685137808156287
222,3.638207188755925,5.956611228510223,1.167377409828203,1.8568980321349253
223,3.64242053494526,5.952162263382139,1.1658971924050885,1.8750454377494479
224,3.687673736193719,5.953371809942505,1.1591562282907057,1.8590676161559687
225,3.6670854447613954,5.969456879871989,1.1647027784468245,1.8530232199973875
226,3.680559024799662,5.9646103316195,1.1707126323449368,1.8402048453152213
227,3.687374370571893,5.952870795487511,1.1625532367984905,1.8427445747135205
228,3.6785995801318445,5.978816663103626,1.1763374054201234,1.8609266751396762
229,3.6645104965136523,6.000842098150599,1.167422866835818,1.8591077179835804
230,3.6557357523200253,5.936333378477664,1.166027089824469,1.872488535035696
231,3.6402979280720826,5.9567269414082675,1.1633041995202467,1.8419683245952585
232,3.6783959002223834,5.964814487715882,1.1666152521224515,1.8462220899014474
233,3.660887969852247,5.983242528743917,1.1638046660502495,1.8557544419541792
234,3.699346846363816,6.010788208659451,1.1680700253235898,1.8613260384955752
235,3.64603753993196,5.923424158484986,1.1702789891726368,1.8423313417955303
236,3.6037724631331165,5.908330330785532,1.1691738387033674,1.881938907716549
237,3.6593544639461486,5.92787177868739,1.1632242021895198,1.8299094162627272
238,3.640331093320152,5.978492172754942,1.1647814862277133,1.8569414158765967
239,3.663004670440245,5.909487297072886,1.1687390243461095,1.87507512817312
240,3.6269972022241665,5.934332210067436,1.1681931029947976,1.8672426295332079
241,3.6414365210391026,5.946319189309428,1.1710428025891888,1.8375445553205503
242,3.6477500498289626,5.990509284363958,1.169165678506839,1.8436161363962653
243,3.6611225968263925,5.95883292065533,1.157853230584482,1.86624610184635
244,3.6381723530605097,5.931810883356174,1.1701448509298644,1.840418839463216
245,3.6561349252383577,5.966558486345481,1.1587586397694591,1.8401391911955565
246,3.6155887242764733,5.955160544834261,1.1641602421865977,1.853003553157821
247,3.634341951297793,5.93245797022783,1.162358178279983,1.8647419631456175
248,3.6160496787448206,5.9591960900589,1.1711003456132825,1.8485493317100237
249,3.6055687261658718,5.978027296929707,1.162899289272724,1.8476310892693308
250,3.665534821942876,5.96560021582994,1.1706842559649882,1.849570681015059
251,3.631107833844778,5.915446697556109,1.163919477214744,1.8604049065283708
252,3.6270291794266867,5.975036728898613,1.1651515876578413,1.854705024676666
253,3.671979321637915,5.960900066327669,1.1637193742105525,1.8602681445479705
254,3.589826876882441,5.905782374455216,1.1654801614092634,1.8543360714962365
255,3.6339713323324223,5.955656612208999,1.1705892406325056,1.8531333094456575
256,3.701989655027992,5.964935494736328,1.165407379168871,1.846917229336119
257,3.632999874579448,5.94429222892557,1.1694083007165612,1.8613481973615935
258,3.590919566325495,5.930174926714362,1.163835976422862,1.8336610410194152
259,3.6817616771045287,5.954963019976498,1.154763507203589,1.8399938566497913
260,3.645839397552514,5.960569426068438,1.1722235429261547,1.8705907148758754
261,3.6363461709994693,5.95525355489133,1.1742666768731331,1.8518655999949278
262,3.655045388411936,5.903965290310845,1.1626446407530957,1.8424749344103977
263,3.6384914691406833,5.96131829775728,1.1617436868601199,1.867736032527136
264,3.669122400804936,5.9817820271168385,1.174987167397422,1.8681475797856713
265,3.677623628606621,5.976253862257363,1.157654850158345,1.8710057116217933
266,3.6605679059240153,5.958161849277248,1.1661755259269728,1.8514670697217581
267,3.7010767688298145,5.990239739747859,1.161555585037004,1.8550048461592215
268,3.682184198767353,5.996102187765886,1.1627702026909112,1.8585850874074756
269,3.7019735197450614,5.990146486459795,1.1694473155501932,1.848446848440757
270,3.6746033625611987,5.99549056049564,1.160962371322973,1.8655694205782911
271,3.6012553708735995,5.9690913857580465,1.1647194921291486,1.8641335054640844
272,3.6451052157821984,5.942629195813062,1.1623089066661891,1.8578203046270618
273,3.661184269457903,5.954932866237752,1.1629926332108047,1.8673574082946134
274,3.651954503186125,5.941080764629802,1.1588916946387313,1.8410186043744652
275,3.6593906217575722,5.943775515630388,1.1641005218562661,1.8521042095290359
276,3.650101475895633,5.915378450460757,1.1694511437821329,1.8487457838920454
277,3.663458651723586,5.950192987554563,1.1703580434585712,1.8629443860915633
278,3.606472078853121,5.924751470780033,1.1729045810073617,1.8404766626885132
279,3.7017202887489056,6.010204846120811,1.1628903376633941,1.8605861300838802
280,3.578205895460552,5.9251966969652985,1.1660974979578866,1.8583491951049262
281,3.658170618777403,5.889805599055043,1.1672277090816283,1.84984788246176
282,3.5914880032496255,5.945978728588758,1.1711229653800816,1.8350917415695027
283,3.659742528152338,6.013288736773805,1.1623359253194012,1.8594604467562128
284,3.6028052802404598,5.973399752390613,1.1784922820616746,1.880396191693637
285,3.6249550378165605,5.918855024720221,1.1713458480790628,1.8679508245672571
286,3.6358742327216595,5.937787143216692,1.1732253491342806,1.8697077394855142
287,3.62764760719871,5.932340802391403,1.1662468859860848,1.8563500943752418
288,3.6352481171328312,5.923601513904,1.166903305002771,1.8591143973573914
289,3.6848798226156623,5.9977939148865635,1.170687569728032,1.8488801093587544
290,3.597249573496093,5.893933417270501,1.1634376298313887,1.8518569468898791
291,3.62922851659899,5.941887860030928,1.1736059007873676,1.8467947664353905
292,3.643356281282109,5.940202339479745,1.1673925223672148,1.8855928493064316
293,3.64711284157439,5.949274048297217,1.1556575931225486,1.8415326292221172
294,3.633546402895915,5.971763967067104,1.1641293143302154,1.8658959111918663
295,3.6911919338601833,5.9802282783645975,1.1568714762012435,1.8514586051768913
296,3.673857782863479,5.908134878778501,1.159741255900806,1.8513000173389562
297,3.6458203529089035,5.9627003904260425,1.162602465434996,1.8680350569265616
298,3.6774429720373965,5.9931279336053995,1.1673057070016677,1.855319938463028
299,3.643197162500943,5.962084536916256,1.1660510512463471,1.8438657632979198
300,3.664590097603443,5.9442552106091835,1.1592746200497344,1.8493973330697053
301,3.6802100992960014,5.953060028334237,1.162363883775103,1.8615067967512693
302,3.6191969258067953,5.929719776652147,1.1673681382839132,1.8543318068820285
303,3.656007274289116,5.95989892115442,1.1632027250243522,1.8474070634586555
304,3.657797554819144,5.948218445118621,1.1571462755978987,1.8584843108840725
305,3.586651053933681,5.934380170059618,1.1633302480084495,1.8739140789628776
306,3.6671632403090433,5.951575740128195,1.1608532322349971,1.84550035576716
307,3.680716724054435,5.963223051881089,1.1653254260953234,1.8675932059564206
308,3.6965960411840824,5.994535499679674,1.167084531498968,1.857492209775239
309,3.6560104602509025,5.901354569942565,1.1687957447636865,1.8698872698335145
310,3.669829400231485,5.969174781411825,1.1677994579788313,1.8584168706432362
311,3.6501742782710696,5.959535244584793,1.1675832435612121,1.8547745487705805
312,3.6576957441898696,5.9394523501063725,1.1711110985618467,1.874321003652458
313,3.6555423979498305,5.976209387733144,1.1683143069332926,1.847951701951064
314,3.6505045399331517,5.924349576439639,1.154330632377296,1.8627567409804497
315,3.626272800756191,5.973662619311444,1.1577975266043667,1.860085105280521
316,3.6182917432236246,5.910761494649868,1.1612755260545313,1.8670318906719894
317,3.6619948953100123,5.9465516537295295,1.1588055194612137,1.859170753731061
318,3.646921419583961,5.993938079800304,1.163500875083438,1.8433036298009498
319,3.604594733018224,5.951669943091122,1.1638137217361577,1.8465680967862554
320,3.6904804475871096,5.969475497041364,1.1684643415301723,1.8303867176346647
321,3.6035532435643813,5.919157244569798,1.1561185415129396,1.8531554769435716
322,3.689639700688621,5.966381130339851,1.1654421245324493,1.857348409097848
323,3.668291887502086,5.982438366237642,1.175741740818658,1.8367628390538893
324,3.6245837273262755,5.970743423053907,1.1649582930972668,1.8401383857801072
325,3.709183690630849,5.954797439574781,1.1629934228922165,1.8486444032502414
326,3.6292350632610426,5.939709221254859,1.1669806654779697,1.8488215160772423
327,3.695924252299648,5.98508035593616,1.1728257408819065,1.857563174617152
328,3.6504771730498575,5.942152272796116,1.1615394071901655,1.8572654448999422
329,3.6396082252075077,5.94066937842201,1.171817153881462,1.8648034671725056
330,3.6673505553041683,5.941715235130752,1.1620557316661495,1.8492149632403412
331,3.6764367980415287,5.97938858648232,1.159119963485812,1.8444268703308895
332,3.596961854736494,5.917952408673799,1.1637863532413726,1.8398892418483754
333,3.6172530613899605,5.914990057153858,1.1688282326762747,1.8594607405033252
334,3.6724455651238044,5.977499058523015,1.1640599580914537,1.860231877171497
335,3.6628142031228754,5.934257284874074,1.16590514329273,1.8537584059082997
336,3.6805264337751975,5.956341789472353,1.168484354960293,1.8667085278672169
337,3.647231478992041,5.943564270147117,1.1722198561050827,1.8616528613411658
338,3.6465593625006574,5.978456778286119,1.1752622770249292,1.8738455374350358
339,3.6619059627229253,5.945209603384715,1.1614330674652984,1.849652885097091
340,3.6468044459991096,5.9846612598560105,1.1677989475628556,1.8508565638896524
341,3.658352113412566,5.973926439520675,1.1674301986986761,1.845075926441437
342,3.6725983059569485,6.010600676677322,1.1688335755886436,1.8702065190367847
343,3.686951426001926,5.95939407542997,1.1804992013133595,1.8840370366274133
344,3.6794906074627964,5.959175912710239,1.162228167698372,1.855507506855096
345,3.6427908895979746,5.9839887876860045,1.1666255508971433,1.8576960803981035
346,3.666547114303861,5.9882304973427765,1.1615686409638784,1.8548986034726043
347,3.656859539689719,5.9379860340980155,1.1668866832408011,1.8349383966306245
348,3.639069038803732,5.957726814682386,1.176139527146344,1.8629402958927754
349,3.6545860550234264,5.993802576519759,1.1707768976377322,1.8544079906733972
350,3.640374019474002,5.972478387219155,1.1595257539853672,1.839122313437898
351,3.6282757996839696,5.924128793359084,1.1726647341357876,1.876049407386478
352,3.6584978579890164,5.994356583556155,1.1634579888569225,1.8727525144303958
353,3.6704433042425437,6.001458922413191,1.156882218061668,1.8481357518940786
354,3.653980568140983,5.922447952487536,1.1675923126545364,1.838254548160216
355,3.6821271880508237,5.96902488649711,1.1612546958351788,1.8441869354962859
356,3.662332406531141,5.935148297366296,1.161354133709053,1.8370591019069864
357,3.666726125227587,5.949482642181439,1.166180312108183,1.8634765933130886
358,3.6498857615416096,5.976098618070196,1.1743325396020374,1.8511387277209121
359,3.6318216716980003,5.9253706209309405,1.16001465325038,1.86944320581559
360,3.64347139151412,5.993564513418425,1.1713178182926556,1.858562649419187
361,3.6631567368444826,5.975993283649276,1.1729141551582625,1.8494494084556508
362,3.647952857295208,5.977800780500802,1.1632509049264836,1.859981518671411
363,3.6485763881598783,5.9448639707295134,1.1579883410644647,1.8461892965874702
364,3.700615507757389,5.97314879485046,1.1691567032555215,1.8451520783726418
365,3.6772257587863018,5.996877766562168,1.1654663191433112,1.8555871857830917
366,3.6744556350787763,5.950083719748631,1.1640302331997172,1.8653522406707468
367,3.653479501789453,5.944708497906381,1.1653956777690457,1.8735733290673018
368,3.6573245577665032,5.968108417171869,1.1653655913708243,1.867946491536082
369,3.627027179594972,5.915103631731849,1.1672634911405682,1.8723792217227853
370,3.700916196650998,6.014216587931547,1.166239502132816,1.839376824622295
371,3.6766871910057337,5.975326122970202,1.1724491845859641,1.8594182515845938
372,3.6808183399869536,6.002521260406124,1.1588163291632025,1.8553145843899346
373,3.67358052176055,5.968051229375993,1.1590327308364454,1.834827067394398
374,3.6363104810448537,5.976039045795622,1.1602725211913645,1.8678909281721872
375,3.6567093105032797,5.9250189225399135,1.1609358029338104,1.8435715626639348
376,3.650246352973538,5.975023905896915,1.1686008322851844,1.8464340479156651
377,3.6487278886613486,5.93386372697021,1.1631260281831752,1.853825526169528
378,3.6422155207461393,5.942158570555776,1.1688003715037463,1.8570572715261253
379,3.607618894116368,5.893635937589433,1.1580872460665166,1.86433399357225
380,3.627048805671738,5.934544211357109,1.1626144174740758,1.8735189158969159
381,3.664801827191453,5.963970231063154,1.1552891803346461,1.8493651486003655
382,3.621808669559418,5.926359836993817,1.161330185500647,1.8591726763616283
383,3.656599205908744,5.955123594524367,1.1622474555099782,1.8659933272891571
384,3.623910682322279,5.898339878029914,1.164008145017359,1.8525110968084686
385,3.6803585788434314,5.990773388455768,1.1658798868353042,1.860451070056036
386,3.6426479361698636,5.907871757452068,1.1617187003381617,1.8514003928401728
387,3.701779363281434,6.010470100677672,1.1700348300167223,1.85317044575647
388,3.7208489873204837,5.983851223676245,1.1721391626848534,1.8655341441270514
389,3.6885840980652933,6.00353338946724,1.1684659000250537,1.8522496916439117
390,3.649579748794098,5.939669696450267,1.1635725247562383,1.8510976142925577
391,3.6137072129251115,5.949779029838386,1.1629257510027147,1.8511283822753515
392,3.67176837445633,5.993869432593386,1.161081330434678,1.8572057108776132
393,3.64324802959999,5.932919046155864,1.1669667784022797,1.8499484085954476
394,3.649631462972059,5.938518496885012,1.164866971837368,1.8581602452869714
395,3.639259282975699,5.950589132404817,1.1608501624616459,1.8541154930494426
396,3.65589648822991,5.933611044512653,1.1575609935795446,1.832471317725446
397,3.692501929254252,5.982885125139585,1.1710946287818482,1.837327248944792
398,3.6748519310764145,5.952640649581225,1.1646057857040981,1.8406895917769583
399,3.67523528687297,6.002730198659983,1.1638496630079065,1.847869624682087
400,3.693117119630847,5.949264583958852,1.1713925150073283,1.849556816862738
401,3.664870505631264,5.908968544579281,1.1583709932204949,1.837823597364045
402,3.680936737632098,5.946276179720611,1.1650108866191997,1.8533422043598375
403,3.6629655640260252,6.0049649787142165,1.1609658143695762,1.8534319416047174
404,3.62756582068835,5.977868176781067,1.1732572115161544,1.8681135621342646
405,3.6764854530915945,5.958057996168823,1.1635580461287556,1.8433675515407033
406,3.659866473463775,5.926074675148008,1.1606350494659519,1.8480864948143008
407,3.6203508818589607,5.9519262127616415,1.165717680301424,1.8590668903722736
408,3.669121342208224,5.989325216101439,1.1665695817613941,1.8590855008817524
409,3.633673815697149,5.950262489887951,1.170009470047733,1.8822498885660448
410,3.6362761464828632,5.925655386649496,1.1602020055052755,1.848851539026327
411,3.6828557852605424,5.948643004161923,1.1566755788456937,1.8604520149586783
412,3.652699114021774,5.983133803867747,1.167493657090044,1.849494810095802
413,3.6874484204258393,5.935616201423492,1.1689164615019068,1.8465720067553006
414,3.6989636974918794,5.954003450654801,1.1688097336369752,1.8396629025287776
415,3.5827252949815325,5.937212863302862,1.1572386394408753,1.8606950609507447
416,3.6017694504029847,5.919071969396703,1.1666408693876669,1.843227145554047
417,3.68346970639609,5.967340431023834,1.1629506119839577,1.8434396533714317
418,3.665952074646425,5.943595860799829,1.1703054699890694,1.8324629187035808
419,3.6472000501633275,5.9285290737788126,1.168787559207344,1.870793248522062
420,3.6650441903648243,5.9800618528214615,1.1676838356506494,1.854213593047744
421,3.663597141060059,5.952845682568555,1.1572848993418816,1.8569245040077949
422,3.6096378982623536,5.927259621409595,1.1673832549992684,1.8380575829683248
423,3.6197551617268346,5.938801822470991,1.1662258867450992,1.8655558176113427
424,3.6672673173010604,5.969951399541263,1.167167151690916,1.8694138548247792
425,3.5989198247386556,5.9119312961667845,1.1621785378067928,1.840618102904342
426,3.6863688349420043,5.975104758861287,1.1654008552615882,1.8338777330907385
427,3.6757628374209736,5.966388694365857,1.1729274177805609,1.8575962035547464
428,3.6749889855283557,5.974888254847197,1.171662313405534,1.8462753328505548
429,3.6360807159494732,5.96065976881884,1.1771128754601543,1.829837791295109
430,3.635884622140345,5.907407995672112,1.1686868365642367,1.8510407734697742
431,3.6763447658732646,5.9670178300067285,1.165049422529028,1.8504585905561974
432,3.6667389372151247,5.937355281505176,1.1670607098761574,1.8516777436609522
433,3.6707008537816193,5.973479743460331,1.1654893751189825,1.8706127259282104
434,3.6612470924151865,5.955699033365359,1.1711515350729629,1.8703681194242072
435,3.70295779981455,6.005109921584983,1.1709627181706894,1.855525133263512
436,3.6580508291750364,5.96436218627308,1.1591783338456025,1.864772097725067
437,3.673899506043703,5.925452998618996,1.1604965220501076,1.8637864639272221
438,3.589579348288996,5.942499219676201,1.171822365908516,1.8400055773511923
439,3.676958837936478,5.986514423857809,1.1683936714883267,1.840420313328592
440,3.7062451540883696,5.95028806635558,1.1634733770885246,1.8501819220930935
441,3.6912536725708573,5.959727345644859,1.1588804380539277,1.855715823007418
442,3.661114499779724,5.961869453206505,1.1731904911717463,1.8663159456384397
443,3.6406312218820718,5.887769075554789,1.1652992567742455,1.8503859543599956
444,3.666147926970182,5.9773302928878005,1.1670627077304287,1.8647783568178604
445,3.6552162808175415,5.926143149119104,1.1627986058551008,1.852022722850701
446,3.6507842770849983,5.998110452176267,1.166429981862806,1.8659207516853966
447,3.6311492417581928,5.951859387521656,1.1667922566275735,1.8633400537710325
448,3.64184902469811,5.937463134274342,1.168102678108938,1.8667292442032775
449,3.6102894480304943,5.9395336289302545,1.1651621884219638,1.8490702600761373
450,3.652350692027598,5.922466043315898,1.1504391825216769,1.8340596875618005
451,3.5762342692461884,5.934085244848827,1.166483961205198,1.8470686861720411
452,3.6637708733448235,5.932768766039042,1.16467941233692,1.8490081666876552
453,3.666007794035947,5.965350300983593,1.1630215900932903,1.8695722271491817
454,3.676671656701537,5.978237433743919,1.1635820448133023,1.8646018920943257
455,3.6505631335142383,5.949559827825474,1.1759381595174236,1.8577746846495131
456,3.676990837231821,5.977158969626002,1.164866587530704,1.860301418330227
457,3.6404426416307367,5.919950719392379,1.1675212179616483,1.8601213799707774
458,3.667038752801499,5.989506593967345,1.1634250902716956,1.853289049906862
459,3.618294790639837,5.919277035565319,1.1680298706071541,1.8560112437777292
460,3.6895502885661053,5.963301513861176,1.168950258036427,1.8534666620365696
461,3.6583121588510763,5.9490499093666305,1.1674706776003654,1.8504598134930574
462,3.6173638362290466,5.980593073608141,1.160433731232914,1.8561429305881565
463,3.6238394231674937,5.917410482992554,1.1634104596517294,1.8475884144473067
464,3.591254436429954,5.948334762283637,1.1647252771155756,1.8441968522798216
465,3.663901699524212,5.9769454637632276,1.1725417441717156,1.8633537114989065
466,3.635605751303398,5.976236384063894,1.1572500688452745,1.8717161526885766
467,3.6701724243568545,5.939481232349611,1.169303160235176,1.8483938841367522
468,3.613056982194494,5.971683229767797,1.1545860599037447,1.8671739086299795
469,3.63732959424904,5.8954711290971265,1.1687669635795483,1.847711139428796
470,3.6306203803380517,5.933249773871415,1.1595966357790173,1.8537588435675818
471,3.6460731698896045,6.00664437066661,1.1653765574461386,1.8480572112483942
472,3.704899022353558,5.9943765311643755,1.165486498874861,1.8460827647970208
473,3.6656211988025698,5.972509592966743,1.173002508623451,1.8505143179539512
474,3.661075322412125,5.970697537659056,1.1619793269883354,1.8423295399377353
475,3.634102330031232,5.936044021923129,1.1630951611125886,1.8586603327604974
476,3.680945915291729,5.9408622044064066,1.1695931656091991,1.8572485521047415
477,3.663298367143622,5.9346871293943035,1.1611571516377974,1.8705046191754984
478,3.6775649073010768,5.9508986978498175,1.1720620625705847,1.8467836645522713
479,3.5968385222459514,5.943052634587785,1.160030756114733,1.830844057539732
480,3.7027165131913966,5.969540657150362,1.1788240723807182,1.8523716305356555
481,3.643837606485551,5.919439163334886,1.1679057503287358,1.8538562240894898
482,3.574251729022795,5.946894637470422,1.158269100831844,1.862057756473428
483,3.665681247509894,5.937382083595476,1.1641402755363828,1.8409858803866368
484,3.64682575368367,5.926243174034755,1.1701086984955502,1.8713632233764441
485,3.620841095984816,5.945392688700741,1.1652384516148495,1.873166127693259
486,3.6596594557339692,6.002902670479002,1.167859587509911,1.8611266282702452
487,3.6536121782916378,6.009719641454984,1.1566207630039311,1.8429216395241075
488,3.592564180518539,5.961356285764287,1.164858140183996,1.8547164395198665
489,3.6791377119282345,5.929694315812313,1.1649199880915289,1.845289923552035
490,3.660042735808235,5.9580809265365335,1.1698867343155208,1.8628193139896028
491,3.630302585339503,5.967187042073858,1.1644969069222173,1.8458144150502083
492,3.6369832832074303,5.963294809688643,1.1597064375209802,1.8471187803856295
493,3.644246347251072,5.946277356274484,1.1680884748249523,1.8629211126311176
494,3.6948317937412587,5.995584899572543,1.1678292335218483,1.8632356123650087
495,3.6449315375681106,5.900457472711106,1.168335329858508,1.8614445653203113
496,3.604925077521637,5.96000611129176,1.1727435144760592,1.86666602094121
497,3.6645424152148554,5.992315424874194,1.166701922982586,1.8686689544987845
498,3.6481440844868662,5.936711135753187,1.1584232092074913,1.8573450583331579
499,3.6171417077019923,5.977169623293273,1.1707871948189716,1.8605838941972497
500,3.66251138267282,5.970785544841602,1.1691144721631375,1.859448527956252
501,3.6523703164330583,5.935798659961259,1.1656683734406403,1.8569785860937746
502,3.6788380297098633,5.9637268101723455,1.164014393686138,1.8561735427032837
503,3.693981784318294,5.948852920349202,1.1703119016882342,1.8693239425572559
504,3.6274158689197114,5.969724614304979,1.1604991459351137,1.855159805859401
505,3.7075992139535954,5.998395951232571,1.1623418546369109,1.8531062089872852
506,3.6497820658343767,5.929065822730931,1.1607257843597263,1.8369165432953096
507,3.6398493326586085,5.966772062970196,1.1639855988249412,1.8393057875817078
508,3.640689998509579,5.8961125571045905,1.1655159335433103,1.8509087479354425
509,3.6816884269827614,5.9506261681984975,1.1673243546685166,1.8718974655553406
510,3.6839300290959662,5.987652865710671,1.1659661382448117,1.8532667220958428
511,3.6331247854911193,5.947951460909253,1.1678205643391952,1.8690342373088078
512,3.660061157910017,5.944605800368769,1.1634540831146358,1.8401023302101955
513,3.6871524234609616,5.9636735678703445,1.174379166703933,1.877341245006956
514,3.687875748760327,5.964476712484226,1.1731776430826681,1.8306884541909212
515,3.6174234923380038,5.969299918093052,1.1516873641429262,1.8509668418473164
516,3.6167016727768533,5.9849790816356405,1.171282719570888,1.849576944954336
517,3.645044759593603,5.963776636682022,1.1594616161503093,1.864927254363041
518,3.6919476520716117,5.996322024739806,1.1653148739040324,1.8657736806962824
519,3.632320621000004,5.963021622388753,1.166866954944457,1.8700610800942479
520,3.662334770869209,5.924080928987836,1.1562009537922753,1.8680722494123612
521,3.6541166410134025,5.968157000950306,1.1631580152273115,1.8445697920200472
522,3.639581557106679,5.916976733628922,1.1674858565980455,1.8402692907539695
523,3.6690866314765334,5.969394725602306,1.160838213221789,1.8584619863325793
524,3.674577127332715,5.98860866981547,1.1639599737112005,1.845492321273111
525,3.6589125746383835,5.944744117268266,1.1656824447413032,1.873354625637746
526,3.655644077683494,5.962535900176416,1.1706303543783216,1.861053593379899
527,3.61159497251612,5.874479862902484,1.1635553944228088,1.8581051066758594
528,3.670551922417618,5.951312779351676,1.1550140923595034,1.839403646982401
529,3.6638146921265236,5.96721137137457,1.1596268780134107,1.8490312838516694
530,3.64372331988008,5.947172210674563,1.1718785466195145,1.8462397633673104
531,3.694910684549632,5.958385465256905,1.1654219865342283,1.856360721657917
532,3.6743077956352965,5.982060545365048,1.1720969579114384,1.85370783305325
533,3.6628135570430667,5.921291690637975,1.163326638347275,1.8627281792412265
534,3.659777266501357,5.94239417064907,1.1642255831155321,1.8576443800732123
535,3.576894056043816,5.913129417170529,1.1579816768611675,1.8660135921230692
536,3.629766434035914,5.917196915595361,1.1600360845893167,1.8698797572359864
537,3.680877307811982,5.943938270322982,1.173182990261902,1.852345991875559
538,3.679404077012402,5.997840181046583,1.160289612048107,1.8212787869679907
539,3.657519751647146,5.942538757145866,1.1605748682494947,1.8723728137347502
540,3.627119192307278,5.945595468477681,1.173966824400801,1.8522961687601804
541,3.6249897170646515,5.911016890881703,1.1696027243201372,1.8557094352549237
542,3.6584389851949863,5.964956978986178,1.156334830205379,1.8603519845886842
543,3.648396567891631,5.94443732616767,1.167948846182799,1.8560533858446875
544,3.6880597070678043,5.993338950891272,1.1734282934638558,1.864048765452869
545,3.6686739552072507,5.914206470107305,1.1620259484552626,1.8626086982391619
546,3.696296628327625,5.996928182457177,1.162087215083766,1.8472933611253353
547,3.6761167933207948,5.96653252302846,1.1724518308496341,1.836513529302088
548,3.675398910823053,5.956553758328872,1.1596889388531966,1.8578702320888483
549,3.654531700820264,5.96787102963486,1.1679233497222679,1.863626191693698
550,3.6206601795506206,5.904423877885895,1.1598597824477817,1.833227761499632
551,3.692192909350455,6.007609493949939,1.1704609076670298,1.8633581084700075
552,3.632351959072925,5.966887930840204,1.158346134162017,1.8605454204108443
553,3.638729056234562,6.001412819844103,1.1664077386073668,1.853332386160892
554,3.6291126714551933,5.969457141901827,1.1696795618349207,1.8557947876922256
555,3.6750993970066066,5.956793362524192,1.1615847788195284,1.8496666564885753
556,3.7099103827728355,5.97443100206866,1.1585814378997874,1.832004093467794
557,3.6129891474358495,5.927241555842501,1.1592314472424743,1.862820004226126
558,3.6450215783117814,5.944297308476291,1.1710065877552458,1.8494484515055596
559,3.6487790436370195,5.9508863936961225,1.1644508255209938,1.8682014179264503
560,3.676782639964413,5.94195683184015,1.1614493268519068,1.8589615631395215
561,3.6758860148155157,5.937278711353519,1.1770979228199208,1.868601542895468
562,3.609187892197358,5.96933052874464,1.158824269466523,1.8734789047355696
563,3.6025921446969513,5.968203899055199,1.165779123701998,1.869246615883729
564,3.6139838639196546,5.934328301660793,1.1677546859203285,1.8421743419418584
565,3.6526668982590804,5.998484456246456,1.168375950177396,1.8421448127749027
566,3.658821323834068,5.985394414579054,1.1671548578282736,1.8577614290407714
567,3.6901115219073444,5.968321189751031,1.1673852412163042,1.8417224235131515
568,3.669629694373125,5.964154874760079,1.1681010265173994,1.8686900670997164
569,3.588617339340326,5.9336517580011785,1.147541652139875,1.8532734728102502
570,3.667803514936068,5.945361241737393,1.1743891817040146,1.8818739086529863
571,3.703533772286641,5.9395363706480335,1.1691995902450878,1.8457048565429304
572,3.6347387301514273,5.909784233880479,1.1587884534942916,1.8568079544154934
573,3.642140175793698,5.96051719954426,1.1665654214429844,1.8582242741491282
574,3.692745755250088,6.024501392015709,1.1670509759109033,1.874389403752887
575,3.631355728521233,6.007368064374311,1.167527498092393,1.8603698940988243
576,3.663181338759853,5.9618955096351005,1.1553377492862675,1.864519789548508
577,3.654501657818659,6.03462715458943,1.164341871374119,1.831859025098685
578,3.6591240070383955,5.955478964160424,1.1640337355176653,1.8682317939635262
579,3.6703995800626275,5.961629843992837,1.1660224187818309,1.8554828686359786
580,3.6685674931601455,5.937259002181521,1.1731029540556626,1.850237677518907
581,3.630880467596703,5.94324008760753,1.1622549845916466,1.8671238321336563
582,3.6582663484146667,5.962396620287154,1.1616577352870534,1.8349361164422353
583,3.65515298337858,5.927939443772028,1.1656916311449774,1.855116542942345
584,3.7123859819778433,5.973619005196317,1.161584828626515,1.8732771222898337
585,3.6410052177956964,5.939863618405933,1.1633369458215146,1.8639305950977039
586,3.645034012433924,5.955943443390118,1.160331710860122,1.8639591694778135
587,3.65555621416213,5.9481332752868346,1.1719244347839992,1.856751554324891
588,3.69550049730036,5.963616034377379,1.167506302771146,1.8628905045276987
589,3.6311127484409735,5.940036836896376,1.1635484703083796,1.8446591549071991
590,3.639962917856152,5.984082171474309,1.1758103660026875,1.853190515640294
591,3.669710517277628,5.988806271182603,1.165437253520721,1.8552395496915213
592,3.6661561950509336,5.955800609065419,1.1680805292839413,1.8600252655133118
593,3.6905415054327357,5.972811803012078,1.1675937819083635,1.851252435776403
594,3.663406235913892,5.984760928563517,1.1724439116106156,1.8548907880199095
595,3.668594386466814,5.94316976180422,1.161569804619213,1.8766441381669177
596,3.6362326911281224,5.93419592476044,1.171923586597312,1.8519531635525461
597,3.6605102204570366,5.948812218652394,1.1614089255149307,1.8654496785944525
598,3.628833211400907,5.961936187467487,1.1643003914559764,1.8617862668351928
599,3.6857910946603294,6.011309203012048,1.1667136498791093,1.8779212118152784
600,3.670273884099942,6.002896314428563,1.1768638955304467,1.8567432693241208
601,3.6456293718048167,5.929075361115897,1.1669710965921913,1.8483675152173622
602,3.715522489536077,5.985710519928786,1.1681701458738307,1.8569128347184374
603,3.6437627991329062,5.9629170131059706,1.162943334529195,1.849684281160045
604,3.644831981981939,5.941222331522198,1.172241047995304,1.8618158323335203
605,3.6131035989325704,5.934868395689238,1.1649788994498622,1.870537856734333
606,3.653114166054806,5.91513600537763,1.1665783442236333,1.842861194039433
607,3.6314187434141094,5.944927084747651,1.1586002897020107,1.8573976208062617
608,3.648207074646019,5.9599782268473875,1.167857279392551,1.86167405411427
609,3.610645653892478,5.950024596401197,1.168260773269072,1.8543987809238658
610,3.603022468556206,5.931212869732215,1.1595915614309233,1.8353425270545067
611,3.6530049723271665,5.9562405134864855,1.164114085136418,1.8562490723068192
612,3.646899963223019,5.92238741980339,1.1692642401849105,1.834213324647775
613,3.6713712812139296,6.013592859741032,1.1683971827138617,1.862801843655935
614,3.6526603428105666,5.946199359580196,1.1690843558861004,1.8757020792087453
615,3.6339383280740414,5.961462767088131,1.1663942624126762,1.8433429519658837
616,3.6251561453234737,5.87514504007118,1.1683836823929805,1.8472021936687415
617,3.5976739104552644,5.946011460283868,1.1615696205996193,1.8550661245348987
618,3.6714103038122756,5.942803903146248,1.1699430567488127,1.8572817094689542
619,3.549476450426329,5.881913568073346,1.1642082677322034,1.8571781860807541
620,3.6790975178997845,6.010514049548082,1.172601859557263,1.8515437072956291
621,3.6196278106323594,5.965487016184943,1.1689916093914756,1.8498755945303533
622,3.614215900840155,5.962542424822186,1.1545361623063939,1.8473259048599977
623,3.6708570696081795,5.92911012448196,1.1620063615455951,1.848925881033682
624,3.65142907871075,5.966938709716802,1.158267540652901,1.8611721050921668
625,3.674553096465409,5.9328995057778275,1.1642776003715398,1.8607705824541787
626,3.6540167537835204,5.975745630451804,1.1613635528192994,1.8461428273396088
627,3.6127379811026166,5.937954577050052,1.1572325260944227,1.8835229041261523
628,3.6150290463068933,5.959104401573448,1.1615734280608465,1.8611413188636128
629,3.6943829987674937,5.9314129707583705,1.1695149351111032,1.8404172882105814
630,3.6923886092205964,5.989899578760707,1.1653436579539949,1.85310797023287
631,3.6119916481644667,5.939062444970074,1.1597311213989432,1.8598777301204044
632,3.620162714496978,5.942250039828114,1.1757834597829464,1.8417926226301948
633,3.671913974814812,5.971129907307412,1.1582636107383952,1.830252945447885
634,3.680153039222602,5.997171681163335,1.1653508502903271,1.8481425611034057
635,3.591708713343577,5.91957183855101,1.1630437991176295,1.8543031447505844
636,3.6319053042163576,5.94644410689202,1.1681371458411716,1.8774079028269524
637,3.651368914374722,5.95521536709526,1.1690062416405969,1.866969874435394
638,3.6311592781852795,5.956975389912696,1.1604063827375453,1.8638350504826944
639,3.6702875468609704,5.973922018411281,1.1717651598336307,1.8653422414016854
640,3.6197064205189333,5.942580924558966,1.174724200337685,1.8570743387539255
641,3.684563502197979,5.942959352456689,1.1659596935216603,1.873496738315272
642,3.674267089968405,5.95123290251492,1.1687297893569355,1.8415242160239864
643,3.6739728364923576,5.9728933092168175,1.1604680646132373,1.8718111476853643
644,3.700280227093682,5.992972556955302,1.1726885717868596,1.8587767203514467
645,3.611848280364706,5.959023258250539,1.16353990974887,1.8521319881216987
646,3.6165982217072705,5.922625931552855,1.159949800795856,1.8649306108202093
647,3.6603045508925187,5.966203065944693,1.1700455444032754,1.8489207528862894
648,3.6517685777995346,5.930515802555532,1.1681088086950047,1.8756241816762869
649,3.6535777932202005,5.962310876456134,1.1666236969132906,1.8483280420196393
650,3.692305654182861,5.996289251111706,1.1620974167803322,1.8428982514896073
651,3.67596959454383,5.952707707973863,1.1575041881125607,1.857232195757084
652,3.694959373391024,5.991754231994431,1.1714146492797677,1.8465739995382702
653,3.6015132504402176,5.949270328051034,1.1617972195119086,1.8680306692848114
654,3.685779722135994,5.983079752168169,1.149063169889756,1.8619247789010716
655,3.6426599691762487,5.9402750165201335,1.1614500894914888,1.8415932453748258
656,3.6427728544454494,5.942557351499865,1.1721317645731324,1.8690400541873902
657,3.623937435607472,5.908515920996254,1.1653736126853316,1.8620227276970789
658,3.7020116679209143,5.996084736972805,1.1602761921519766,1.8579065065928346
659,3.6136662641816075,5.962693607165727,1.1640422354665438,1.8639662922585347
660,3.6001166296422404,5.928182102246613,1.1622796291652748,1.8573570840098688
661,3.681720956714409,5.967494594615475,1.159226923345463,1.8677113717359397
662,3.6031057099534287,5.89998335507193,1.1651394738550809,1.8596326668205623
663,3.632790143397073,5.936188020816781,1.1707092696655912,1.8588023417379855
664,3.627655847372457,5.984026358773286,1.1653026892322615,1.8683646776286156
665,3.671006664814848,5.9655281511024665,1.1634725804362234,1.8522546082104032
666,3.646234429687646,5.950642693634803,1.1630502281282513,1.8708176316463492
667,3.666943919632395,5.925126013734882,1.1631716352389267,1.8554247515997784
668,3.6574623812517717,5.97748899089525,1.1658446904422155,1.8373516789653903
669,3.663122336060297,5.965645243345796,1.1691644328816833,1.8732094873220062
670,3.6237537581847583,5.932163809732616,1.16710632418738,1.8585090177273211
671,3.6046118352250685,5.892500423356302,1.1685913244002433,1.8591371461118098
672,3.668011870988965,5.917932781034997,1.1719905877444154,1.8410678593132492
673,3.664946405908457,6.000833660643708,1.1611872450707867,1.878705523695904
674,3.672444878839484,5.983243512781813,1.1610135717639825,1.866780716878353
675,3.6747135324834868,5.997122220384288,1.1728735740881384,1.8437261095564534
676,3.667756269457588,5.9713037173147,1.174075000250253,1.8636497429558267
677,3.6770019066737785,5.950613615520101,1.1688995070984505,1.8348907209712453
678,3.6585579938802613,5.957263665132476,1.1654447371524739,1.8563819761583942
679,3.5879881093101935,5.946326632648799,1.1543328861702755,1.8421211468626297
680,3.7078589963790027,5.995811481637198,1.1735990418009457,1.8611645923372606
681,3.634133971697172,5.95895340166786,1.1665654181307996,1.8724336373309645
682,3.6482824849870368,5.909722552376656,1.1682638859255348,1.850027673574439
683,3.5726614513653776,5.9401504435821195,1.1692702067371608,1.8465950381221576
684,3.65247257793805,5.942701629477923,1.1669515451152916,1.8404669297635823
685,3.6583116837522476,5.959851852163904,1.1655834348895056,1.848525776271791
686,3.6625364589933684,6.005510319783464,1.1533834640152343,1.868930662131615
687,3.660231079492616,5.926171222155062,1.1640736465101018,1.8527017234398595
688,3.664719592433296,5.948932917974298,1.1686094741625075,1.8494044979996935
689,3.637493210831505,5.927761217235952,1.166348910856018,1.8495356248161037
690,3.6366258961041633,5.976159470016538,1.1712919447336572,1.8364111566661636
691,3.648666176982159,5.898693609628767,1.1627339610286322,1.8749965239684814
692,3.632674491303061,5.941064253913489,1.1642139649991354,1.8613310609264526
693,3.6300460320620385,5.945710469615467,1.1701991917241636,1.8456640402797526
694,3.698594824310337,5.964993515695903,1.1675650232565784,1.8547246501427301
695,3.606882607035493,5.949167773556318,1.1623641381132055,1.8491579605140578
696,3.664244819109305,5.926397567747744,1.1679483591913964,1.8547656875315417
697,3.6464069867698,5.927813360737321,1.1685979237177362,1.8461387689016449
698,3.6977120096988916,5.9665243714044625,1.1665814909877958,1.8695343198986678
699,3.702297095992506,5.956541982636457,1.1594807443940252,1.8491393275790657
700,3.6721780412518856,5.9619022865881535,1.1632229088764503,1.853437640266405
701,3.633907146946576,5.977341867337683,1.1613238103103085,1.8652488143952044
702,3.6601404219014815,5.951969813566971,1.1745917500633833,1.857640227860589
703,3.6737421608757046,5.994398710786026,1.162193752604141,1.8603854373602724
704,3.659878733721703,5.969793131538038,1.1726731755502975,1.8404955845588933
705,3.680099778410037,5.965237603481694,1.1716091718742925,1.8558616153310847
706,3.669545753312072,5.9167605812867485,1.1604621405055706,1.8544188880697072
707,3.601896661063258,5.940130602710798,1.1604199558494706,1.851845715569406
708,3.6444115378497015,5.988101982870953,1.1669985629958946,1.8576288905691705
709,3.6680325313076296,5.967302198229795,1.1675587056277315,1.8449283952161515
710,3.6645307699967264,5.96401089460474,1.1578552645848172,1.8550999249619378
711,3.6483254267666307,5.9525112220520935,1.1684765518341953,1.863269826171277
712,3.5921709618846487,5.913194373694854,1.1613126219589378,1.8654806234284007
713,3.6780576754031755,6.02573229902418,1.1597035504699291,1.8422638193190128
714,3.6817696162427245,5.985102432396838,1.1671494728051386,1.8455121657814182
715,3.654522781364134,5.9570632159765555,1.1643328115219747,1.8520150879579544
716,3.6880299331153785,6.012245115968019,1.1608104941639998,1.851343534751022
717,3.6189930663241197,5.913678286542362,1.154225247245276,1.8658411611189392
718,3.6386948462718225,5.927111170621463,1.1642569407708578,1.8475197776580599
719,3.6891657874796717,5.977131767698771,1.1685519867306455,1.819168245689602
720,3.6816922999517403,5.968014853040553,1.1695115912671508,1.8543866414431678
721,3.6448660345884343,5.933187802209733,1.1655936039892312,1.8588533979633959
722,3.6803659768515473,5.958760550867884,1.165304403496572,1.8631313825733433
723,3.704349151026296,5.971103242561637,1.1573660681578564,1.851863036998039
724,3.6858397001148746,5.967567679958179,1.1712992584554829,1.869751821317347
725,3.6634938914799338,5.946668449761864,1.1657121705548508,1.849432055605845
726,3.68059219356885,5.992800056064257,1.1563378870814454,1.8601184633572272
727,3.6324996635249733,5.950839563346537,1.1717158525690334,1.842929674121506
728,3.670349486026634,5.978557159484671,1.168470375453012,1.8490872540657173
729,3.6578236231459735,5.933898222866579,1.1611067064376717,1.8635208856854475
730,3.6892348536283017,5.965522084371024,1.1740575387705416,1.874654548613489
731,3.6098666022656665,5.959680358891177,1.1574563916978495,1.842163970963087
732,3.6195794059293194,5.978687471547539,1.1576078851454086,1.841954655522323
733,3.6749652768771868,5.971677235320105,1.178557963330357,1.8573839871736402
734,3.647194847562769,5.916941081754256,1.1658614114965753,1.8529884450554686
735,3.655358101760608,5.937444623138676,1.1646635419792444,1.8444847435896443
736,3.673065117474705,5.964140764607723,1.154569568693653,1.8718560272172593
737,3.6230236949273107,5.917509409454518,1.1714936462672663,1.8682776397912768
738,3.6778675649563692,5.930744289611688,1.1666388440008038,1.8471161930127407
739,3.668274534155306,5.90922897625493,1.1681673870356726,1.8577585179237208
740,3.6053771196105098,5.958832801530655,1.1632208443707353,1.8501212708935233
741,3.6180045048368723,5.965782744812265,1.156742229683971,1.8404481812933395
742,3.691040975623663,5.968136215906253,1.1694396538382978,1.8477043395972497
743,3.6502440871305066,5.924590951367371,1.1502921740064802,1.8670245408658057
744,3.6440676790209428,5.96738543148348,1.1671430738764317,1.8391153482656541
745,3.640306761824433,5.952185238535941,1.1555157657267485,1.850089606911542
746,3.7052103169308013,5.979011487055402,1.1694334225875285,1.8469981140146914
747,3.587110108824873,5.9445764220343165,1.1674119563775704,1.8562859862960466
748,3.60855764308972,5.926951992257578,1.178353674553426,1.8465058658945317
749,3.6732105381437123,5.9515148676011,1.15700740722186,1.8393895722560314
750,3.6200941203253305,5.9103164025728105,1.169236630381853,1.8582825321126681
751,3.662424693713541,6.029414302559578,1.1665557998738727,1.8460028864389988
752,3.610400272308226,5.94379550590125,1.1617191847043817,1.855682946204262
753,3.6824450768225168,5.997280338868701,1.161134093532696,1.8560529346851504
754,3.654582383573348,6.007761043806085,1.1673405910722026,1.8530228084149558
755,3.6673681797845106,5.938219194916472,1.166725239638454,1.8512223356707709
756,3.6648102774045794,5.967368826198139,1.1666914088468356,1.854552300977737
757,3.6738886214613986,5.961775942877488,1.1663812201503643,1.8550707932842805
758,3.6709736644145665,5.966638821654835,1.1583107898246423,1.8787579964347814
759,3.6387196551633534,5.9619328921925,1.1693175055805172,1.836796619790423
760,3.6534466433515287,5.9452286557585605,1.1633777581207536,1.8478874582815212
761,3.620702947682503,5.948904120263994,1.1668447002710876,1.8391054554323292
762,3.7028095618515597,5.95094121895641,1.164953593972709,1.8684536987811184
763,3.69077287521311,5.9732551630416335,1.1596615469909535,1.8540211128719601
764,3.6914044125619743,5.957506018690063,1.1697627229666687,1.84716763919493
765,3.6450362523768147,5.939520334224905,1.1538349668057086,1.857670821408788
766,3.7013039058688504,5.998346256179343,1.1570622855568984,1.8469096391484647
767,3.6341505759097643,6.004270314202524,1.1664047202474328,1.8452522606667894
768,3.6449727135590444,5.928853446021059,1.1623386501861437,1.8470804228949724
769,3.5590570417625633,5.915701301670068,1.1647797550854415,1.8705618567268667
770,3.6722022743205267,5.939623299305408,1.166557010526793,1.8568607967821085
771,3.6571411670639185,5.924391456987325,1.1685897025331147,1.8525776065932331
772,3.6782108070768595,5.960646931883502,1.1649740271925524,1.857894457810197
773,3.6225228004815953,5.950757784274377,1.1745205692378624,1.8448519086034105
774,3.6595314649458524,5.980370442453664,1.163567871040453,1.8563206861651205
775,3.626948579569743,5.9106522032480076,1.162077512788103,1.8492045563648378
776,3.590726193772428,5.9284453313028225,1.161407806495217,1.8660021735385723
777,3.6558960495053894,5.9635108595593245,1.169485182623096,1.868231200132569
778,3.657383147679574,5.986332389262356,1.1629132296501854,1.8510628955399981
779,3.6844345281087043,5.909329806981334,1.167121401330837,1.85223537473874
780,3.621233319724056,5.986806279779941,1.164289258433496,1.857018417661778
781,3.6690227683385905,5.991503675204043,1.1579486463328368,1.8473143613465342
782,3.666910383208678,5.9622170447025375,1.164137527764102,1.8634031498931416
783,3.644461927338299,5.968162061776784,1.1572639768486792,1.8631650125574555
784,3.6586706928966297,5.976890963884853,1.1711309625574757,1.8616450859776779
785,3.6331361782724163,5.972574895100501,1.1720396053622024,1.8730231821546717
786,3.7018452359617045,5.937140417635205,1.1570775985827801,1.8473199161881342
787,3.6085493638501847,5.96527789039867,1.1578578696898856,1.8529462843961206
788,3.647430658595924,5.960586711267689,1.166990766855573,1.8588005003686006
789,3.625617422075847,5.966985002125345,1.1780319846298197,1.8665736611359174
790,3.6225233287519716,5.94557282795496,1.1650085997835837,1.843837597882966
791,3.7099905913760165,5.966862066736126,1.1663134089749914,1.8527075051038224
792,3.6502288145378223,5.966779639194939,1.1688272184435542,1.8562392248002026
793,3.6963185193827948,5.98435117471836,1.157983561306708,1.8548697700228387
794,3.639266893631821,6.007327141583883,1.1656002641603813,1.842831062922453
795,3.5996431914633233,5.9848052179407665,1.1692193590260775,1.8653029825542635
796,3.678382702188708,5.967934502311667,1.168252997727456,1.8460673138630943
797,3.6723487845786544,6.004666792598914,1.17008234277007,1.8552185344078143
798,3.670901394916032,5.981915682391066,1.1585473366606744,1.84233417819486
799,3.622611072834299,5.958460991319566,1.1599749971214062,1.8524313618620607
800,3.6471079920974625,5.9213421108608335,1.1651351788724948,1.866575673560154
801,3.6622355584886095,5.950632593288497,1.1678241406854322,1.8493965576023934
802,3.635758943042527,5.931723102460596,1.1614189296416293,1.869486355176803
803,3.6878380208618498,5.969618546958581,1.1668994871894198,1.8599854599507986
804,3.606519680610882,5.929258440216826,1.1679457304873277,1.8393239676546511
805,3.6154172346299682,5.9231185797435035,1.1628091002928178,1.8593874450931989
806,3.6691793249091615,5.9364601346345545,1.1664562886106589,1.85268389877188
807,3.6784888807791583,5.981816549935995,1.1555992433193503,1.8434919940808316
808,3.641533834853974,5.976239220759165,1.1642586377112645,1.8552516624991058
809,3.673067026617379,5.998761573536103,1.1629369493588069,1.8671163258012806
810,3.6921427873798076,5.958022581395922,1.1622824506476186,1.861114241620609
811,3.697884912293926,5.943804343921458,1.1752063564161555,1.8521776416786038
812,3.6496334663537997,5.934136901527772,1.1591930568210813,1.8588923940805602
813,3.6074914510302367,5.96133017870178,1.1632169938828565,1.848419054104854
814,3.616473267479813,5.945020255125954,1.1690970591554901,1.8650235568876943
815,3.67310936207372,5.951955610525063,1.167757156292974,1.8284452097165436
816,3.5782243477241304,5.913484948691552,1.1680483601049403,1.8483034419231317
817,3.6676495552843966,5.976485244988997,1.168330706181939,1.8676894906729733
818,3.6893563747491362,5.940855557977795,1.1672681963255949,1.8681285852552123
819,3.6088589979961276,5.961565285530635,1.163507178503463,1.8664445441977042
820,3.6834054151072944,5.956747730814467,1.1666453590948689,1.885126092674603
821,3.603084472742129,5.912712532652761,1.1614757859176033,1.8541450734235634
822,3.672970188643306,5.930464419000954,1.1648162394989112,1.864844532290821
823,3.664620085303321,5.934544929648503,1.1606238858135849,1.8639356539123177
824,3.6272684419452053,5.951024156355663,1.1632210577105362,1.8565853278418953
825,3.6506426178186535,5.9370809764617745,1.1694707131673856,1.8547316234761984
826,3.6958816265204364,6.018501929919737,1.1658958238706743,1.853142535807992
827,3.6429761484639807,5.947525276209714,1.1633386009530864,1.8417082242939635
828,3.619381212803534,5.96772588044111,1.1659317508095746,1.8535079946039148
829,3.6671256979476774,5.929567891958758,1.1623367207077506,1.854250780382685
830,3.665261397477976,5.970422181217068,1.1601188646145615,1.855754829601933
831,3.6364982180070426,5.968905292062447,1.1634701512325962,1.8542874146893933
832,3.652705700265836,5.9659299672666295,1.1567514376268473,1.8484474221708942
833,3.63889413955602,5.942645491143828,1.1709614925431941,1.8469236476700264
834,3.67290021460439,5.983029429766156,1.164185215739396,1.8702523245624691
835,3.6503909300184696,5.951760415395052,1.1651483287452722,1.8535135281855926
836,3.6618919637013807,5.917095343990545,1.1649735528317178,1.8548267355459465
837,3.6454656139332466,5.949914014519274,1.1631821787935344,1.8624066814487765
838,3.6714024174917763,5.956243716307434,1.1712626509204855,1.8556425084173127
839,3.66654219125667,5.972806001360276,1.168443526408709,1.8533089422558546
840,3.601620214129307,5.930498720000399,1.164585939562228,1.8556332823968424
841,3.6661967303458045,5.947564290616738,1.1619813921837618,1.8512574366818337
842,3.611059546589387,5.931282223293313,1.1632785839935746,1.8777426566335513
843,3.6782718061414257,5.972599143720934,1.1682315141264619,1.8541393324867228
844,3.6430035823822253,5.9259596034420925,1.1689385161219086,1.832575776616034
845,3.5963291069911767,5.952540593328646,1.159486118508223,1.84818375140482
846,3.680422807317846,5.951400841673805,1.1598816840881883,1.848843462971069
847,3.6815222172662763,5.970553587547018,1.1540624781922975,1.8403867774229896
848,3.6880783877730257,5.993235315531482,1.1656605076804674,1.8457617703871247
849,3.6775670879718567,5.954521672540645,1.1627841880919583,1.8542233459801347
850,3.6540611839097252,5.961376925954877,1.1607226403861615,1.8560713635704007
851,3.62717758874893,5.934368705722603,1.171523032810781,1.8441002254198824
852,3.6269679826618906,6.003680252309851,1.1741412276152619,1.8567921637798408
853,3.708228366430407,6.007725095277812,1.1643988327113552,1.8527808241127803
854,3.683589931380825,5.957102369570094,1.1653851031809204,1.8552120323991845
855,3.6566716848723546,5.968977130542876,1.1598374289566205,1.8599993016296636
856,3.611898236763086,5.9560648103439595,1.1613765236201057,1.865086645747632
857,3.6467906580696665,5.959716443691825,1.1676011504899082,1.8712317282283033
858,3.6446813293475335,5.960310709347251,1.1632360838290228,1.8430417025329964
859,3.666330550495157,5.916439052691545,1.1625105084324703,1.8565531373864124
860,3.627224234721018,5.977888572014602,1.1577237579556938,1.8564041646065967
861,3.6255333236187366,5.970806361587924,1.1611679640083048,1.8635565434027483
862,3.6427152360779553,5.964722717136816,1.1693203093248472,1.8449271376282899
863,3.624577114347852,5.960587569906905,1.1746847491071537,1.8600641951923795
864,3.6867763823310518,5.979560624983321,1.1626960388216334,1.8597448258894076
865,3.6849869862364097,5.962554147599007,1.1651445236705849,1.8523268276907068
866,3.6501451775176,5.986838456152701,1.1641466942854863,1.8674293475560884
867,3.6019230998020126,5.954110337069649,1.1598852000206472,1.86527551784689
868,3.6937638744118724,6.008842169434835,1.1625110977450033,1.8625249335337917
869,3.6089908729616473,5.962953446853671,1.165064365828802,1.8548532892373109
870,3.693382844287873,5.978875751251767,1.1694816299952528,1.8721381886818627
871,3.681505988309531,5.967820211775295,1.1658100346264588,1.846013048579309
872,3.6586123511644217,5.96774852452986,1.169969551627306,1.8513869840442283
873,3.617780728367418,5.93599228852619,1.1701905637728194,1.8766313390565683
874,3.6526896156495705,5.925628477713207,1.1689714196662266,1.8834629463746138
875,3.7129090435044767,6.068965797068307,1.1645431457638233,1.851161776718925
876,3.6861602915432496,6.006911170924534,1.1663476997824405,1.8559596700626972
877,3.6412484989164557,5.967373879812704,1.1633043807534031,1.8542551741803202
878,3.623907275069822,5.954512474910513,1.162581071844369,1.847249373742616
879,3.666594019240321,5.953027262330028,1.1614702957543597,1.8585071112071954
880,3.6993317080037427,6.01370639430161,1.169463594511408,1.8411786006222755
881,3.657408263279591,5.939688903639643,1.166939454734245,1.8374148333868532
882,3.644972855545822,5.956409486659751,1.1655822524272734,1.867657459231029
883,3.635615651144175,5.959110259200119,1.1647810013511766,1.8532237912809573
884,3.6690501857925883,5.957378367319945,1.1625286997874316,1.8497897796422285
885,3.692558070019513,5.965725878922651,1.1694793269844206,1.8633816560697127
886,3.632609839200512,5.925332896564699,1.1680530802549005,1.850197138023578
887,3.6956115644853065,6.001664324166673,1.1643997790983163,1.8540029706047716
888,3.685492251060232,6.0141721831477755,1.1701461314949249,1.8699463935985619
889,3.6765305545839277,5.938875395908146,1.1640394146559514,1.848900893054053
890,3.6667971331838904,5.96140008758401,1.1528647230299676,1.8481208652069765
891,3.667678299279698,5.968376897088979,1.1747129450103437,1.8480002994972173
892,3.6831774836493967,5.939870308744277,1.1698311393240768,1.8639530190155718
893,3.679656726975613,6.032403857724803,1.1700681123046879,1.8528220165665152
894,3.6729933105552086,5.930502308384137,1.1676251561899746,1.8486466477178425
895,3.7036739670220165,5.971286185873275,1.1646028546385243,1.8434724678178487
896,3.6286570017662214,5.9640188866969135,1.1626072608354678,1.8648041619862532
897,3.6292038765498624,5.954873831935207,1.1654508776801125,1.8534415997277436
898,3.6276594048575825,5.980271220987837,1.1706406045603375,1.852275167231428
899,3.625083834502739,5.918989294914738,1.1647842688946546,1.8697755845279285
900,3.639206314619614,5.94207840943275,1.15918849229689,1.8694090326181565
901,3.6662751735914476,5.993311535481033,1.1708106479281999,1.8385055281725518
902,3.6939811593307006,5.96729061491777,1.167552991433169,1.8625543725145524
903,3.589150530132648,5.912729130862574,1.1691730676563996,1.863035262534173
904,3.5993571198173715,5.953832610621084,1.1575696142504153,1.843851343752136
905,3.6657214911693745,5.962543850082194,1.164396681776278,1.8650959274190564
906,3.634188938175489,5.947129891846859,1.1586393867323455,1.847508699082344
907,3.6113974985247728,5.923649109951334,1.1552833962595335,1.8515466894102015
908,3.603698705680831,5.95236918725477,1.1627033916452492,1.8442678312973488
909,3.6176743763011445,5.92169038366955,1.160987838524825,1.8671824678220261
910,3.649961488381664,5.955408933622698,1.167133772811726,1.858917891247056
911,3.6348186384521814,5.971243328398908,1.1599521826303885,1.8550615552684147
912,3.674015049895128,5.94175199273239,1.1728560174317515,1.8746047580316545
913,3.6177147179312734,5.90155988081364,1.1621939251094369,1.8599737679818364
914,3.6556302759983152,5.931338965182071,1.1661655120750294,1.863966771405857
915,3.639012898460308,5.928585981039151,1.167073590048695,1.859213677985467
916,3.697352114464992,5.997812112259911,1.172065183546086,1.8660562038992676
917,3.664299463207823,5.924209959197489,1.1660024758865855,1.8435055280307373
918,3.674582572276745,6.0016438511969925,1.1683598787207603,1.8420987255571994
919,3.6031202027596136,5.902129331616094,1.1655093871124866,1.8478160281573957
920,3.6468338095647246,5.95857981818013,1.1711286613597909,1.850293239963619
921,3.6044715418486666,5.975252210095383,1.1653724880865894,1.8546892842415599
922,3.6648750706958784,5.971506477789964,1.155466545326847,1.8481379369544086
923,3.6574465366562503,5.98360140176043,1.1674349782096631,1.8469810492664358
924,3.6484501475167774,5.945825902724446,1.1633490300726754,1.8714373831236772
925,3.679815798079096,5.931637447750642,1.1687994766575067,1.8593588537309174
926,3.6579567796496635,5.9832545233956544,1.1678253805165733,1.8578704888664213
927,3.6728423951771245,5.966396172386871,1.163769059739666,1.849414069323628
928,3.6367180355747277,5.936675956638742,1.1570887291162306,1.8396770227777208
929,3.643274390864505,5.968600226994254,1.1650260963964643,1.866647448541252
930,3.6547083582462916,5.965829279742393,1.1737355457516465,1.8803095611920733
931,3.675643415831415,5.976293962903553,1.165124113836106,1.8722194689225489
932,3.6938044906392755,5.950590816559599,1.1753747322126147,1.8686101677096363
933,3.6693088580296718,5.934211968442487,1.170273856678145,1.8343958650705743
934,3.648433418552674,5.962855039371418,1.176697248360095,1.8560121602868067
935,3.6361818378109234,5.957330059941193,1.1708119742684915,1.8636464066634213
936,3.676153947194962,5.941659275980047,1.1639201301195228,1.8579667466260616
937,3.6272595942937986,5.942279266167775,1.176234596837269,1.8655987397693132
938,3.6580533106552338,5.951307634019095,1.164976451653207,1.861711703268477
939,3.6298307849105,5.941234038209086,1.1596759058306247,1.84956840129059
940,3.679921873956568,5.968796154244816,1.1591252773678455,1.8514107114568188
941,3.6673963957767826,5.973885660823443,1.1655058140316963,1.8496920703441824
942,3.682234480589811,6.001456110835009,1.1617844718634842,1.8441537635155114
943,3.616660290636137,5.919005402199315,1.1615811625950196,1.853044919655571
944,3.6739822772079505,5.955987794052718,1.1615049351404183,1.8440033986140962
945,3.68314591870545,5.966463659959597,1.1598786281414168,1.861863633098428
946,3.619165065979408,5.896845089677412,1.1571768630190253,1.8782003062873907
947,3.6804177148654373,5.966412756671452,1.1687196685188064,1.8445831298754694
948,3.611569595137336,5.922627659220714,1.1601949447016007,1.8484899504685686
949,3.6875165658864186,5.979549908432924,1.1722375640672675,1.85406839397373
950,3.672059420874496,5.969012685719545,1.1606801972024265,1.8481342470792266
951,3.6948379319870153,5.983010556337603,1.1644512208975173,1.857854091633511
952,3.649484428513258,5.956042358788944,1.1634618197009712,1.8659709449564894
953,3.623306607708623,5.99266716159726,1.1713109185985535,1.8428966673893497
954,3.699643864173075,5.97548471834293,1.171126941278759,1.8555471359404636
955,3.6374800052848353,5.984855161047162,1.1711839909273278,1.8412953137140224
956,3.7004468862215236,5.975778633982366,1.1698599931745333,1.8730170092668974
957,3.5975601986455,5.896330328894248,1.1635208738930054,1.8569638819270435
958,3.639306316023709,5.949049991667802,1.165404535865077,1.850798892369366
959,3.6635829669413007,5.961963020081298,1.1630121205093902,1.86080351130678
960,3.608325455130224,5.954008663805512,1.1666464757824329,1.8598705101355537
961,3.699703799788803,5.963102037292344,1.172704562709518,1.875386907854331
962,3.6735971337115374,5.955809964788269,1.1530555223980947,1.8468906627833865
963,3.648874704711807,5.931819108745876,1.1675973640218826,1.8592096049263338
964,3.669915675819283,5.945862915954638,1.1720805463001405,1.8442736339844568
965,3.6493742084036094,5.9568457366120455,1.1784076797839174,1.846318313521789
966,3.706878614370876,6.056224078200116,1.1692073338060833,1.8429742000039435
967,3.636191149077683,5.9209148267765395,1.163093490670235,1.8418642043045819
968,3.689227744940098,5.991692277967225,1.1698033949535631,1.8665188504874966
969,3.6988711520486666,6.0318870624357475,1.1580645228450857,1.871497669300521
970,3.625748214982755,5.912742736898415,1.1679455790320497,1.8468392087613035
971,3.632071733516193,5.949149732470652,1.1558072192883615,1.8386606779107766
972,3.67598954440574,5.997547916816325,1.1638394238981067,1.8551461831628138
973,3.6078291510416953,5.960758247538144,1.161209065482127,1.8636932720182342
974,3.6439331591297064,5.954293049058783,1.164681073234601,1.8614466800258127
975,3.6225062937742334,5.917076585271365,1.1634974662252602,1.8458406003581262
976,3.6551010153027748,5.950642093006189,1.1648574434530903,1.8549520014451453
977,3.6310409602968434,5.907609036981997,1.168081661976322,1.8600203284945231
978,3.6106963619607044,5.943588262308472,1.1676018119964013,1.8606797720112493
979,3.612090827149134,5.9512087994793665,1.164375614908109,1.8406785489796502
980,3.6676769283675883,5.971523667449748,1.1552102506889104,1.8833536330649956
981,3.634468682751244,5.95572159937968,1.1606794690022206,1.8536887151856654
982,3.677343073613779,5.939995398619396,1.1568600530333402,1.8737845197676304
983,3.6764948549044636,5.976191888547989,1.1658254291393346,1.8651349865893976
984,3.60288534122898,5.893370255799757,1.162839781642447,1.8504781492496485
985,3.6736472119493873,5.9886676419327936,1.1693871084182503,1.8608292493564247
986,3.6639963380932095,5.977358596820056,1.1612794998191414,1.8453996959616394
987,3.6137743323905287,5.9478089487061565,1.1635594252988486,1.8589952053865224
988,3.6655075605881375,5.965725874763196,1.1670096594793211,1.8480185634677686
989,3.6462999415345885,5.9756115716438085,1.1586893298952932,1.8530040453207575
990,3.639729411173302,5.941865000176974,1.162591200158107,1.8569042477332296
991,3.6356677016655667,5.947417160175698,1.1648710455932518,1.8592142876489204
992,3.68389014683941,5.961060842918598,1.173617241486376,1.8697011198024085
993,3.645142811513658,5.924373507629463,1.1694212931034393,1.851244738401954
994,3.6495261067916718,6.014101770683089,1.1623481149421702,1.8618064655250102
995,3.6589369479123888,5.957810626989485,1.1637802606368997,1.8570710979896348
996,3.6221327354062187,5.951281860497013,1.162171445756711,1.854675654134815
997,3.6290857964235275,5.954690908348475,1.166795778330017,1.8528076010471817
998,3.640047730612141,5.942595695785877,1.1613565184565178,1.8560227272563514
999,3.699354249958836,5.973683135261946,1.1651865331277909,1.848238853340399
1000,3.626073060342829,5.906471179142693,1.1601977851201837,1.8632987760718547
